Rank,Name,Developer,Category,Size,Star Rating,Reviews,Downloads,Rated for
1,Meesho: Online Shopping App,Meesho,Shopping,15 MB,4.4,15L,10Cr+,3+
2,Shopee: Online Shopping,Shopee,Shopping,68 MB,4.1,76T,1Cr+,3+
3,Instagram,Instagram,Social,41 MB,4.3,13Cr,100Cr+,12+
4,"MX Player: Videos, OTT & Games",MX Media (formerly J2 Interactive),Video Players & Editors,36 MB,4.1,1Cr,100Cr+,3+
5,speedfiy,PRIME DIGITAL PTE. LTD.,Tools,12 MB,4.5,41T,1Cr+,3+
6,Snapchat,Snap Inc,Communication,64 MB,4.2,2Cr,100Cr+,12+
7,ZOOM Cloud Meetings,zoom.us,Business,47 MB,4,34L,50Cr+,3+
8,Flipkart Online Shopping App,Flipkart,Shopping,18 MB,4.3,2Cr,10Cr+,12+
9,Telegram,Telegram FZ-LLC,Communication,28 MB,4.3,1Cr,100Cr+,12+
10,Chingari - powered by GARI,Chingari,Social,56 MB,3.8,4L,5Cr+,12+
11,mAst: Music Status Video Maker,Mast Team,Video Players & Editors,65 MB,4.3,2L,5Cr+,3+
12,Google Meet,Google LLC,Business,22 MB,4.1,20L,10Cr+,3+
13,"PhonePe: UPI, Recharge, Investment, Insurance",PhonePe,Finance,35 MB,4.3,77L,10Cr+,3+
14,Truecaller: Caller ID & Block,Truecaller,Communication,69 MB,4.3,1Cr,50Cr+,3+
15,MyJio: For Everything Jio,Jio Platforms Limited,Productivity,42 MB,4.3,1Cr,10Cr+,3+
16,Shopsy Shopping App - Flipkart,Shopsy,Shopping,17 MB,4.3,2L,1Cr+,3+
17,Facebook,"Meta Platforms, Inc.",Social,51 MB,4,12Cr,500Cr+,12+
18,WhatsApp Business,WhatsApp LLC,Communication,32 MB,4.2,69L,50Cr+,3+
19,ShareKaro: File Sharing,ShareKaro Team,Tools,14 MB,4.3,2L,5Cr+,3+
20,Gaana Music : Songs & Podcasts,Gamma Gaana Ltd,Music & Audio,31 MB,4.5,45L,10Cr+,12+
21,Amazon Prime Video,Amazon Mobile LLC,Entertainment,28 MB,4.3,32L,10Cr+,12+
22,"Paytm -UPI, Money Transfer, Recharge, Bill Payment",Paytm - One97 Communications Ltd.,Finance,31 MB,4.6,1Cr,10Cr+,3+
23,Hotstar,Novi Digital,Entertainment,23 MB,4.2,1Cr,50Cr+,12+
24,WhatsApp Messenger,WhatsApp LLC,Communication,32 MB,4.1,15Cr,500Cr+,3+
25,All Video Downloader,All Video Downloader & Story Saver Apps,Tools,7.2 MB,4.2,46T,1Cr+,3+
26,Pocket FM: Audiobook & Podcast,Pocket FM,Music & Audio,16 MB,4.2,7L,1Cr+,12+
27,ShareMe: File sharing,Xiaomi Inc.,Tools,15 MB,4.4,14L,100Cr+,3+
28,FacePlay - Face Swap Video,INNOVATIONAL TECHNOLOGIES LIMITED,Video Players & Editors,37 MB,3.5,1L,1Cr+,3+
29,Google Pay: Secure UPI payment,Google LLC,Finance,20 MB,4.2,71L,50Cr+,3+
30,PLAYit-All in One Video Player,PLAYIT TECHNOLOGY PTE. LTD.,Video Players & Editors,14 MB,4.5,35L,10Cr+,3+
31,Josh: Short Videos App,Ver Se Innovation,Social,38 MB,4.1,6L,10Cr+,12+
32,"ZEE5:Movies, Web Series & more",Z5X Global FZ LLC,Entertainment,21 MB,3.5,12L,10Cr+,12+
33,JioMart Online Shopping App,Jio Platforms Limited,Shopping,11 MB,4.3,10L,1Cr+,3+
34,"Dailyhunt - Local & National News, Videos, Cricket",Eterno Infotech,News & Magazines,13 MB,4.4,16L,10Cr+,12+
35,"Airtel Thanks – Recharge, Bill Pay, UPI & Bank",Airtel,Productivity,30 MB,4.3,57L,10Cr+,3+
36,Translate All- Easy Translator,BaronBaron,Tools,66 MB,3.5,5T,50L+,3+
37,ShareChat - Made in India,ShareChat,Social,54 MB,4.1,30L,10Cr+,12+
38,"JioSaavn Music & Radio – JioTunes, Podcasts, Songs",Saavn Media Limited,Music & Audio,23 MB,4.2,38L,10Cr+,3+
39,Rizzle - Short Video Maker,"Silverlabs Technologies, Inc.",Social,43 MB,4.3,2L,1Cr+,12+
40,Wynk Music -Songs & HelloTunes,Airtel,Music & Audio,21 MB,4.3,38L,10Cr+,3+
41,Noizz: video editor with music,Noizz Team,Tools,37 MB,4,5L,10Cr+,12+
42,Mivi:Music&Lyrical Video Maker,Music Video Studio,Video Players & Editors,43 MB,4.3,1L,1Cr+,3+
43,Amazon India - Shop & Pay,Amazon Mobile LLC,Shopping,57 MB,4.2,79L,10Cr+,3+
44,Mivita - Face Swap Video Maker,vakie,Video Players & Editors,64 MB,3,3T,10L+,3+
45,Moj - India's Most Popular Short Video App,ShareChat,Social,101 MB,4.3,11L,10Cr+,12+
46,"Share Karo: Transfer, Share it",ShareKaro Team,Communication,12 MB,4.4,50T,1Cr+,3+
47,Facebook Lite,"Meta Platforms, Inc.",Social,1.6 MB,3.9,2Cr,100Cr+,12+
48,Tiki - Short Video Community,DOL Technology PTE.LTD.,Social,51 MB,4.2,2L,5Cr+,12+
49,MX TakaTak Short Video App,MX Media (formerly J2 Interactive),Social,53 MB,4.1,8L,10Cr+,12+
50,Junk Smasher - Phone Cleaner,InnoDev Pro Team,Productivity,11 MB,4.1,81T,1Cr+,3+
51,Instagram Lite,Instagram,Social,2.1 MB,4,4L,10Cr+,12+
52,"Smart Clean-Booster,Cleaner",lj1831952@gmail.com,Tools,12 MB,3.7,23T,5Cr+,3+
53,Mystery Lite,Mystery Solutions PTE.LTD.,Tools,15 MB,3.8,55T,1Cr+,3+
54,Calculator Lock: Gallery Vault,Smart Utils Dev Team,Tools,34 MB,4.3,87T,1Cr+,3+
55,Public - Indian Local Videos,Public app,Social,23 MB,4.3,7L,10Cr+,3+
56,speedfiy Pro,PRIME DIGITAL PTE. LTD.,Tools,13 MB,4.3,22T,50L+,3+
57,Resso Music - Songs & Lyrics,Moon Video Inc.,Music & Audio,48 MB,4.6,14L,10Cr+,12+
58,File Recovery,File Recovery,Tools,7.0 MB,3.7,5T,10L+,3+
59,Video Editor & Maker - InShot,InShot Video Editor,Photography,52 MB,4.6,1Cr,10Cr+,3+
60,EPIK - Photo Editor,"SNOW, Inc.",Photography,88 MB,4.1,25T,50L+,12+
61,"Instore: Story Saver, Story, Video Downloader",Apps for Creators,Photography,24 MB,4.3,3L,1Cr+,3+
62,XCall - Global Phone Call App,Vee Tools Studio,Communication,28 MB,4.2,76T,1Cr+,3+
63,KineMaster - Video Editor,KineMaster Corporation,Video Players & Editors,66 MB,4.4,47L,10Cr+,3+
64,Where is my Train : Indian Railway Train Status,Sigmoid Labs and its Affiliates,Travel & Local,10 MB,4.4,28L,10Cr+,3+
65,Messenger,"Meta Platforms, Inc.",Communication,56 MB,4.2,8Cr,500Cr+,12+
66,Zili - Short Video App for India | Funny,Zili,Entertainment,25 MB,4,8L,10Cr+,12+
67,DealShare - Online Grocery App,dealshare.in,Shopping,21 MB,4.1,1L,1Cr+,3+
68,JioTV,Jio Platforms Limited,Entertainment,16 MB,4,35L,10Cr+,3+
69,VN Video Editor Maker VlogNow,"Ubiquiti Labs, LLC",Video Players & Editors,125 MB,4.5,13L,5Cr+,12+
70,Global- Fast VPN Proxy Servers,BaronBaron,Productivity,10 MB,3.5,3T,50L+,3+
71,Bobble Indic Keyboard,Bobble AI,Communication,26 MB,4.5,3L,1Cr+,3+
72,Swift Booster - Smart Cleaner,Pangolin Tech,Tools,13 MB,4.1,52T,1Cr+,3+
73,Picsart Photo and Video Editor,"PicsArt, Inc.",Photography,43 MB,4.2,1Cr,50Cr+,12+
74,Snapdeal: Online Shopping App,Snapdeal Limited,Shopping,18 MB,4.5,23L,10Cr+,3+
75,Zomato - Online Food Delivery & Restaurant Reviews,Zomato,Food & Drink,21 MB,4.1,60L,10Cr+,3+
76,Vast VPN - Secure VPN Proxy,Vast Security Innovation Lab,Tools,15 MB,4.1,32T,50L+,3+
77,Files by Google,Google LLC,Tools,6.2 MB,4.4,53L,100Cr+,3+
78,Spotify: Play music & podcasts,Spotify AB,Music & Audio,27 MB,4.2,2Cr,100Cr+,12+
79,InShare - Share Apps & File Transfer,InShot Inc.,Tools,10 MB,4.6,3L,5Cr+,3+
80,VITA - Video Editor & Maker,"SNOW, Inc.",Video Players & Editors,92 MB,4.3,4L,5Cr+,3+
81,Vido : Lyrical Video Status Maker,Vido - Video Status Maker,Tools,19 MB,4.1,3L,5Cr+,3+
82,RTO Vehicle Information,Learn English In Hindi - Translator & Dictionary,Auto & Vehicles,21 MB,4.5,1L,1Cr+,3+
83,Teachmint - Live Classroom App,Teachmint Technologies,Education,19 MB,4.2,1L,1Cr+,3+
84,Snapseed,Google LLC,Photography,24 MB,4.3,14L,10Cr+,3+
85,AIO Social Media Browser,InnoDev Pro Team,Social,8.5 MB,3.8,4T,10L+,3+
86,Google Play Games,Google LLC,Entertainment,10 MB,4.3,1Cr,100Cr+,12+
87,X Sender Share: File Transfer,Everyday Apps by Appytome Tech,Tools,23 MB,4.1,7T,10L+,3+
88,SonyLIV:Entertainment & Sports,Sony Pictures Networks India Pvt. Ltd,Entertainment,28 MB,4.1,16L,10Cr+,12+
89,Vi App - Recharges & Music,Vodafone Idea Ltd.,Productivity,46 MB,4,25L,5Cr+,3+
90,AJIO Online Shopping App,Reliance Retail Ltd,Shopping,17 MB,4.3,21L,10Cr+,3+
91,Beat.ly - Music Video Maker with Effects,Beat.ly music video maker with effects. Ltd,Video Players & Editors,45 MB,4.4,9L,5Cr+,3+
92,CoinDCX:Bitcoin Investment App,CoinDCX Official,Finance,22 MB,3.6,2L,1Cr+,3+
93,Voice Access,Google LLC,Tools,14 MB,3.7,24T,1Cr+,3+
94,Fast Clean,swmail9@gmail.com,Tools,13 MB,3.7,5T,1Cr+,3+
95,FastCandy - Private & Fast,Sung-hwi Lee,Tools,11 MB,3.8,1T,10L+,3+
96,"apna: Job Search India, Vacancy Alert, Online Work",apna,Business,25 MB,4.6,2L,1Cr+,12+
97,Pratilipi - World of Stories,Pratilipi,Books & Reference,14 MB,4.5,2L,1Cr+,12+
98,AbTalk Call - Worldwide Call,Abtalk Call,Communication,25 MB,4,70T,1Cr+,3+
99,Brainly — Solve Doubts,Brainly,Education,17 MB,4.3,21L,10Cr+,3+
100,Myntra Online Shopping App,Myntra,Shopping,16 MB,4.3,36L,10Cr+,3+
101,Video downloader for Instagram,ETM Video Downloader,Social,8.5 MB,4.7,3L,1Cr+,3+
102,Microsoft Teams,Microsoft Corporation,Business,67 MB,4.3,45L,10Cr+,3+
103,RavoVPN-Security&Privacy& Fast Proxy,Five Oceans E-Commerce,Tools,14 MB,4.3,65T,1Cr+,3+
104,mAadhaar,Unique Identification Authority of India,Tools,26 MB,3.4,2L,1Cr+,3+
105,YONO SBI: Banking & Lifestyle,State Bank of India,Finance,37 MB,3.4,8L,5Cr+,3+
106,Moj Lite,ShareChat,Social,26 MB,4.1,41T,1Cr+,12+
107,Swiggy : Food Delivery & More,Swiggy,Food & Drink,31 MB,4,29L,10Cr+,3+
108,Save Video Status for WhatsApp,"Status Images, inc. Photo & Video Downloader Apps",Tools,5.8 MB,4.5,77T,1Cr+,3+
109,Shield VPN - Private VPN Proxy,BaronBaron,Tools,14 MB,3.1,3T,50L+,3+
110,"Canva: Design, Photo & Video",Canva,Art & Design,27 MB,4.4,66L,10Cr+,3+
111,PDF Reader - PDF Viewer,TrustedApp,Productivity,31 MB,4.5,2L,1Cr+,3+
112,Clean Master Ultra - Clean and Boost,Jomapp LLC,Tools,9.6 MB,3.7,1L,1Cr+,3+
113,Duolingo: Learn English Free,Duolingo,Education,21 MB,4.5,1Cr,10Cr+,3+
114,India's largest Community app - Kutumb,Kutumb App,Social,15 MB,4.7,92T,1Cr+,12+
115,Navi: Loans & Health Insurance,navi.com,Finance,24 MB,3.8,1L,1Cr+,3+
116,Zepto: 10-Min Grocery Delivery,KiranaKart Technologies Private Limited,Shopping,14 MB,4.3,4T,10L+,3+
117,MAX Booster,Cleaner Booster Team,Tools,24 MB,4.3,21T,10L+,3+
118,OLX: Buy & Sell Near You with Online Classifieds,OLX Global B.V.,Shopping,20 MB,4.2,25L,10Cr+,12+
119,BYJU'S – The Learning App,BYJU'S,Education,76 MB,4.2,17L,10Cr+,3+
120,UMANG,"MeitY, Government Of India",Productivity,18 MB,4.3,2L,1Cr+,3+
121,VLC for Android,Videolabs,Video Players & Editors,30 MB,4.3,16L,10Cr+,3+
122,Train Status Ticket Book PNR,"ixigo - IRCTC Authorised Partner, Flight Tickets",Travel & Local,18 MB,4.4,19L,10Cr+,3+
123,Call Flash - Colorful phone,Privacy Guard +,Tools,33 MB,4,1T,10L+,3+
124,YouTube Studio,Google LLC,Video Players & Editors,14 MB,4.4,15L,10Cr+,12+
125,MVBit- MV video status maker,mvbit,Tools,38 MB,4,80T,1Cr+,12+
126,PhonePe Business,PhonePe,Business,17 MB,4.4,2L,1Cr+,3+
127,All Recovery : Photo Video & Contacts,Photo and Video apps,Tools,6.4 MB,3.9,57T,50L+,3+
128,Netflix,"Netflix, Inc.",Entertainment,19 MB,4.2,1Cr,100Cr+,12+
129,Speed VPN - Fast Secure Proxy,Key APP Team,Tools,11 MB,3.7,928,10L+,3+
130,Twitter,"Twitter, Inc.",Social,39 MB,3.4,1Cr,100Cr+,12+
131,Adobe Lightroom: Photo Editor,Adobe,Photography,99 MB,4.4,11L,10Cr+,3+
132,Biugo-video maker&video editor,Noizz Team,Tools,41 MB,4,1L,5Cr+,3+
133,"Share Karo: Share Apps, File Transfer, Shareit",Appyhigh Technology,Productivity,22 MB,4.2,21T,1Cr+,3+
134,"1DM: Adblock Browser, Video & Torrent Downloader",Vicky Bonick,Tools,20 MB,4.4,2L,1Cr+,3+
135,"Dainik Bhaskar:Hindi News Paper App, ePaper, Video",Dainik Bhaskar Group,News & Magazines,8.3 MB,4.3,3L,1Cr+,3+
136,B612 Camera&Photo/Video Editor,"SNOW, Inc.",Photography,120 MB,4.2,73L,50Cr+,3+
137,AppLock,DoMobile AppLock,Tools,19 MB,4,81T,1Cr+,3+
138,Unacademy Learner App,Unacademy,Education,45 MB,4,9L,5Cr+,3+
139,Rooter: Watch Gaming & Esports,Rooter Sports,Sports,26 MB,4.3,3L,1Cr+,12+
140,HD Video Projector Simulator,Ultra HD Video Player,Entertainment,12 MB,3,20T,50L+,3+
141,"Zenly - Your map, your people",ZENLY,Social,40 MB,4.1,3L,5Cr+,12+
142,Google Translate,Google LLC,Tools,25 MB,4.4,82L,100Cr+,3+
143,ZArchiver,ZDevs,Tools,4.3 MB,4.4,10L,10Cr+,3+
144,Photo Editor Pro,InShot Inc.,Photography,17 MB,4.6,27L,10Cr+,3+
145,"Adobe Scan: PDF Scanner, OCR",Adobe,Business,29 MB,4.6,19L,5Cr+,3+
146,"StarMaker: Sing Karaoke, Record music videos",StarMaker Interactive,Music & Audio,82 MB,4.4,25L,10Cr+,12+
147,HD Video Screen Cast,The 26 Blinders,Entertainment,13 MB,3.7,8T,1L+,3+
148,"OKEN - CamScanner, PDF scanner",CAMBYTE Pte. Ltd.,Productivity,31 MB,4.7,4T,10L+,3+
149,Lokal App : Local area updates,Lokal Made in India Local Updates & Local Jobs app,Social,22 MB,4.4,62T,1Cr+,3+
150,DigiLocker,"National eGovernance Division, Government of India",Productivity,26 MB,4.1,3L,1Cr+,3+
151,BoloJi Pro,Slight Team,Entertainment,26 MB,3.5,1T,10L+,18+
152,Yaari: Online Shopping App,Indiabulls Integrated Services Limited,Shopping,6.0 MB,4.1,25T,50L+,3+
153,YouTube Kids,Google LLC,Entertainment,Teacher Approved,4,18L,10Cr+,3+
154,Ullu,ULLU Digital Pvt Ltd,Entertainment,20 MB,3.9,1L,1Cr+,12+
155,"Groww - Stocks, Demat, Mutual Fund, SIP","Groww - Stock Trading, Demat, Mutual Funds, SIP",Finance,32 MB,4.1,5L,1Cr+,3+
156,iFace: AI Cartoon Photo Editor,PENGPENG,Tools,47 MB,3.9,2T,10L+,3+
157,"Bajaj Finserv-Loan,UPI,Payment",Bajaj Finance Limited,Finance,17 MB,3.9,3L,1Cr+,3+
158,Daily VPN - Super Secure VPN,Daily VPN,Tools,23 MB,3.7,30T,1Cr+,3+
159,Applock,Appyhigh Technology,Tools,13 MB,4.3,35T,50L+,3+
160,CallApp: Caller ID & Recording,"CallApp Caller ID, Call Recorder & Spam Blocker",Communication,29 MB,3.9,9L,10Cr+,3+
161,"FileMaster: File Manage, File Transfer Power Clean",SmartVisionMobi,Tools,24 MB,4.3,6L,10Cr+,3+
162,ZEDGE™ Wallpapers & Ringtones,Zedge,Personalisation,28 MB,4.3,95L,10Cr+,12+
163,CoinSwitch: Bitcoin & Crypto,CoinSwitch,Finance,26 MB,4.2,3L,1Cr+,3+
164,MX Player Online: OTT & Games,MX Media (formerly J2 Interactive),Entertainment,26 MB,4.1,75T,1Cr+,3+
165,"Voot, Bigg Boss S15, Colors TV",Viacom18 Digital Media,Entertainment,22 MB,3.4,25L,10Cr+,12+
166,Sticker.ly - Sticker Maker,"SNOW, Inc.",Tools,31 MB,4.3,15L,10Cr+,12+
167,PDF Viewer - PDF Reader,Photo Video Maker With Music Studio,Productivity,8.7 MB,4.6,30T,10L+,3+
168,Video Downloader - Video Downloader App,Simple Design Ltd.,Video Players & Editors,9.1 MB,4.1,5L,10Cr+,12+
169,Pinterest,Pinterest,Lifestyle,25 MB,4.4,87L,50Cr+,12+
170,Kuku FM - Audiobooks & Stories,Kuku FM,Music & Audio,22 MB,4.5,1L,50L+,12+
171,"WPS Office-PDF,Word,Excel,PPT",WPS SOFTWARE PTE. LTD.,Productivity,65 MB,4.5,36L,10Cr+,3+
172,HD Video Screen Mirroring,Panas Apps Vally,Entertainment,7.5 MB,2.1,1T,10L+,3+
173,Screen Mirrroring HD Video,KP Tech Media,Entertainment,17 MB,3.3,531,1L+,3+
174,Brave Private Web Browser,Brave Software,Communication,79 MB,4.6,7L,5Cr+,3+
175,Remini - AI Photo Enhancer,Splice Video Editor,Photography,37 MB,4.4,15L,5Cr+,3+
176,FRAAZO - Grocery Shopping App,Fraazo,Shopping,16 MB,4.3,31T,10L+,3+
177,Document Scanner (Made in India) - PDF Creator,Lufick,Productivity,35 MB,4.5,5L,1Cr+,3+
178,Domino's Pizza - Online Food Delivery App,Jubilant Foodworks,Food & Drink,11 MB,4.6,7L,1Cr+,3+
179,Aarogya Setu,National Informatics Centre.,Health & Fitness,3.1 MB,3.8,16L,10Cr+,3+
180,imo video calls and chat,imo.im,Communication,31 MB,4,73L,50Cr+,3+
181,Fi Money - Smarter Banking,epiFi Technologies Private Limited,Finance,31 MB,4.5,13T,10L+,3+
182,what3words,what3words,Maps & Navigation,43 MB,3.9,25T,1Cr+,3+
183,"Cell Cleaner - Cache Clean, Boost and Optimize",Cell Cleaner Studio,Tools,9.5 MB,4,84T,1Cr+,3+
184,"Image to PDF Converter - JPG to PDF, PDF Maker",Simple Design Ltd.,Productivity,9.6 MB,4.8,4L,1Cr+,3+
185,slice: Credit Card Challenger,slice super card,Finance,38 MB,4.5,1L,50L+,3+
186,Sexy Indian Girls Video Chat - Random Video Online,KAPIL KUMAR,Entertainment,38 MB,4,64T,1Cr+,16+
187,Tata CLiQ Online Shopping App India,Tata Unistore Limited,Shopping,35 MB,4.1,2L,1Cr+,3+
188,Mobile Number Locator - True Caller ID Name,Jash studio,Tools,6.8 MB,3.4,4T,10L+,3+
189,Status Saver Down for Whatsapp,Shree Ganesha Labs,Productivity,3.9 MB,4.3,6L,10Cr+,12+
190,Hindi English Translator,Learn English In Hindi - Translator & Dictionary,Education,26 MB,4.3,52T,1Cr+,3+
191,Skymize Skins,Aman Patidar,Entertainment,5.8 MB,3.1,687,1L+,3+
192,"NeonArt Photo Editor: Photo Effects, Collage Maker",Lyrebird Studio,Photography,45 MB,3.9,1L,1Cr+,3+
193,ECO Mitram,Ready Bytes,Lifestyle,7.7 MB,4.1,1T,5L+,3+
194,AI Translator -Fast & Accurate,Sung-hwi Lee,Tools,22 MB,3.5,1T,10L+,3+
195,Share Market & Demat - Angel One by Angel Broking,"Angel One - Share market, Demat account & IPO",Finance,40 MB,4.2,3L,1Cr+,3+
196,Jar: Daily Savings in Digital Gold,Jar App,Finance,16 MB,4.4,30T,10L+,3+
197,Dhani Card with Credit & Store,Dhani Services Limited,Business,24 MB,4.3,18L,5Cr+,3+
198,Yalla - Group Voice Chat Rooms,Yalla Technology FZ-LLC,Entertainment,65 MB,4.1,1L,5Cr+,12+
199,KreditBee: Instant Loan App,Finnovation Tech Solutions Pvt Ltd,Finance,15 MB,4.4,6L,1Cr+,3+
200,Google Classroom,Google LLC,Education,13 MB,3.9,18L,10Cr+,3+
201,"Doubtnut: NCERT, IIT JEE, NEET",Doubtnut: Doubt Solving & Video Solutions App,Education,24 MB,4.1,5L,1Cr+,3+
202,"Ola, Safe and affordable rides",ola,Maps & Navigation,31 MB,4.3,19L,10Cr+,3+
203,Livetalk - Live Video Chat,Videokar,Communication,12 MB,3.8,2L,5Cr+,12+
204,"One Booster - Antivirus, Booster, Phone Cleaner",One Dot Moblie Limited,Tools,24 MB,4.5,17L,10Cr+,3+
205,mParivahan,National Informatics Centre.,Productivity,16 MB,4.4,4L,1Cr+,3+
206,Kotak - 811 & Mobile Banking,Kotak Mahindra Bank Ltd.,Finance,18 MB,4.4,9L,1Cr+,3+
207,Nykaa Fashion – Online Shopping App,Nykaa.com,Shopping,20 MB,4.1,31T,1Cr+,3+
208,"Document Reader: PDF, Word, Excel, All Office File",AdTrue Global,Productivity,31 MB,4,18T,10L+,3+
209,Smart Cleaner,annajiao,Tools,22 MB,4.4,68T,1Cr+,3+
210,bob World,Bank of Baroda,Finance,84 MB,4.1,7L,1Cr+,3+
211,Sketchbook,Sketchbook,Art & Design,100 MB,4.2,4L,5Cr+,3+
212,CashKaro - Cashback & Coupons,CashKaro,Shopping,15 MB,3.9,71T,1Cr+,3+
213,Photo Video Maker,Photo Video Maker With Music Studio,Video Players & Editors,18 MB,4.3,13T,50L+,3+
214,Uc Browser - Private Browser,"Safe Web Browser: Fast, Secure",Communication,25 MB,4.1,54T,1Cr+,3+
215,Video Call Random Chat - Live Talk,Mithila,Dating,19 MB,4.1,9T,10L+,18+
216,LinkedIn: Jobs & Business News,LinkedIn,Business,30 MB,4.3,22L,50Cr+,12+
217,Photo Lab Picture Editor & Art,Linerock Investments LTD,Photography,17 MB,4,27L,10Cr+,12+
218,Google Find My Device,Google LLC,Tools,1.8 MB,4.3,10L,10Cr+,3+
219,"Shop101: Resell, Work From Home, Make Money App","Shop101: Work from Home Jobs, Earn Money Online",Business,14 MB,4.2,85T,1Cr+,3+
220,Snap FX: Effect Video Maker,Sweet Snap Studio,Photography,65 MB,4.4,1L,1Cr+,7+
221,Headfone - Audio Stories & Podcasts,Headfone FM - Radio & Podcast,Music & Audio,4.4 MB,4.7,1L,1Cr+,12+
222,magicpin: shop at local stores,magicpin: cashback / home delivery on local retail,Lifestyle,25 MB,4.1,1L,50L+,3+
223,FaceApp: Face Editor,FaceApp Technology Ltd,Photography,30 MB,4.5,41L,10Cr+,3+
224,Google Photos,Google LLC,Photography,36 MB,4.4,4Cr,500Cr+,3+
225,PublicVibe - Local Videos from your Locality,Eterno Infotech,Social,26 MB,4.3,32T,50L+,12+
226,Powerful Cleaner,Louis  Campbell,Tools,21 MB,4.2,39T,1Cr+,3+
227,Big Bazaar - Making India Beautiful,Future Group Food,Shopping,11 MB,3.1,15T,50L+,3+
228,IPPB Mobile Banking,India Post Payments Bank Ltd,Finance,14 MB,4,1L,1Cr+,3+
229,"Scanner Go: Cam Scanner, PDF Scanner, Scanner App",Appyhigh Technology,Business,26 MB,4.3,1L,1Cr+,3+
230,"Khata Book Udhar Bahi Khata, Credit Ledger Account",Khatabook Business Apps,Business,13 MB,4.6,4L,5Cr+,3+
231,Trell - Lifestyle Videos and Shopping App,Trell Experiences,Lifestyle,24 MB,4.4,1L,1Cr+,12+
232,MBit Music Particle.ly Video Status Maker & Editor,MBit Music Inc.,Video Players & Editors,40 MB,4.5,3L,5Cr+,3+
233,Paytm for Business: Accept Payments for Merchants,Paytm - One97 Communications Ltd.,Finance,35 MB,4.4,3L,1Cr+,3+
234,PharmEasy - Healthcare App,Axelia Solutions Private Limited,Medical,18 MB,4.6,4L,1Cr+,3+
235,Opera Mini - fast web browser,Opera,Communication,16 MB,4.1,79L,50Cr+,3+
236,Safe Clean - Master of booster,sonwy owl,Tools,18 MB,4.2,2T,50L+,3+
237,"EasyShare – Ultrafast File Transfer, Free & No Ads",Vivo Communication Technology Co. Ltd,Tools,13 MB,,,10Cr+,3+
238,Advanced Download Manager & Torrent downloader,AdvancedApp,Tools,6.3 MB,4.3,9L,5Cr+,3+
239,QR Code Scanner & Scanner App,QR Code Scanner.,Tools,7.3 MB,4.7,36T,50L+,3+
240,IRCTC Rail Connect,IRCTC Official,Travel & Local,16 MB,4,22L,5Cr+,3+
241,"Phone Cleaner - Cache Clean, Booster, RAM Cleaner",Games Tree,Tools,3.5 MB,4.3,75T,1Cr+,3+
242,BFL Lite,Bajaj Finance Limited,Finance,8.0 MB,4.2,8T,1Cr+,3+
243,Adobe Acrobat Reader: Edit PDF,Adobe,Productivity,48 MB,4.4,49L,50Cr+,3+
244,Beauty Sweet Plus - Beauty Camera - Sweet Face,GETECH Application,Photography,79 MB,3.9,54T,1Cr+,3+
245,Famous Skins,Aman Patidar,Entertainment,5.6 MB,3.6,4T,10L+,3+
246,BroChill-Lyrical Video Maker with songs,Brochill Internet Private Limited,Entertainment,31 MB,4.3,87T,1Cr+,12+
247,XXVI Global Call - Video Call,jonieZed,Social,14 MB,4.1,3T,5L+,12+
248,Rapido Bike Taxi & Auto,Rapido Bike Taxi,Maps & Navigation,18 MB,4,7L,1Cr+,3+
249,"Recover Deleted All Photos, Files And Contacts","Background Changer, Eraser & Booth Photo Editor",Tools,23 MB,3.7,53T,1Cr+,3+
250,discovery+,Discovery Communication India,Entertainment,13 MB,4.3,99T,1Cr+,16+
251,Waka Pro - Video & Chat,RAHUL AGARWAL,Entertainment,32 MB,4.2,1T,1L+,18+
252,Video Downloader - Private File Downloader,Logic Utility & Tools App,Tools,10 MB,4.1,9T,50L+,3+
253,Speed Master-Unlimited Proxy,Super Fast VPN LLC,Productivity,12 MB,3.6,370,5L+,3+
254,Story Saver for Instagram,Video Downloader & Video Saver,Video Players & Editors,8.5 MB,4.6,7L,1Cr+,3+
255,HealthifyMe - Calorie Counter,"HealthifyMe (Calorie Counter, Weight Loss Coach)",Health & Fitness,44 MB,4.4,3L,1Cr+,3+
256,Webex Meetings,"Cisco Systems, Inc.",Business,74 MB,4.1,17L,5Cr+,3+
257,Turbo VPN - Secure VPN Proxy,Innovative Connecting,Tools,16 MB,4.5,59L,10Cr+,3+
258,"RealU: Hang out, Make Friends",F&W Team,Social,46 MB,4.2,34T,50L+,18+
259,"BYJU'S KG, Std.1-3 | Disney • BYJU'S Early Learn",BYJU'S,Education,87 MB,4.1,58T,1Cr+,3+
260,CarInfo: RTO Vehicle Information App,Car Info,Maps & Navigation,15 MB,4.5,7L,1Cr+,3+
261,IndianMoney's Financial Freedom App,Suvision Holdings Private Limited,Finance,15 MB,4.4,33T,50L+,3+
262,DiskDigger photo recovery,"Defiant Technologies, LLC",Tools,3.6 MB,3.7,4L,10Cr+,3+
263,GB What's version 2021,Mobile Media Apps Store,Tools,13 MB,3.7,18T,10L+,3+
264,Cashify - Sell Old & Used Mobile Phones Online,Cashify.in,Shopping,18 MB,4.3,1L,1Cr+,3+
265,motesFF Challenge - All motes with dances,vijay sharma,Books & Reference,20 MB,3.8,2T,10L+,3+
266,Roz Dhan: Earn Wallet cash,Roz Dhan official,Entertainment,21 MB,3.9,2L,1Cr+,3+
267,Clatter – Live Video Calling,hdapp,Social,21 MB,3.9,326,5L+,18+
268,All Document Reader and Viewer,TrustedApp,Productivity,17 MB,4.6,3L,1Cr+,3+
269,Google Sheets,Google LLC,Productivity,30 MB,4.3,9L,100Cr+,3+
270,True Love Shayari - Love Pyar Ishq All हिंदी शायरी,OGGY APPS,Entertainment,7.7 MB,4.4,1T,5L+,3+
271,Faster Cleaner,Bubble Shooter Team2,Tools,24 MB,4.4,3T,10L+,3+
272,XXVI Video Player - HD Player,jonieZed,Video Players & Editors,12 MB,3.8,514,1L+,3+
273,AVC: Antivirus & Virus Cleaner,MefistoDev,Tools,11 MB,3.9,10T,10L+,3+
274,"ZestMoney - Buy now, pay later",ZestMoney (Camden Town Technologies Pvt Ltd),Finance,12 MB,4.2,56T,50L+,3+
275,Co-WIN Vaccinator App,National Health Portal-MoHFW,Health & Fitness,11 MB,2.8,1L,1Cr+,3+
276,Screen Recorder - XRecorder,InShot Inc.,Video Players & Editors,19 MB,4.6,47L,10Cr+,3+
277,Yellow Class - Kids Live Hobby Classes,IvyPods,Education,33 MB,4.6,24T,10L+,3+
278,MobCup Ringtones & Wallpapers,MobCup,Personalisation,13 MB,4.4,20T,50L+,12+
279,OneScore: Credit Score Insight,FPL Technologies,Finance,21 MB,4.6,1L,50L+,3+
280,CityMall - Online Grocery Shop,City Mall Live,Shopping,19 MB,4.5,36T,10L+,3+
281,VPN Master Pro - Fast & Secure,VPM Master,Tools,10 MB,3.9,48T,5Cr+,3+
282,Picture Editor,App Holdings,Photography,27 MB,4.3,4L,5Cr+,3+
283,AnyDesk Remote Desktop Software,AnyDesk Software GmbH,Business,15 MB,3.6,81T,1Cr+,3+
284,Google Opinion Rewards,Google LLC,Tools,11 MB,4.3,25L,5Cr+,3+
285,Loco : Live Game Streaming,Stoughton Street Tech Labs Private Limited,Entertainment,57 MB,3.9,2L,1Cr+,12+
286,Alpha VPN Bro,Coralsky,Communication,11 MB,3.4,30,1L+,3+
287,CoutLoot|Local Online Shopping,CoutLoot,Shopping,22 MB,3.8,25T,50L+,3+
288,"Uplive-Live Stream, Go Live",Asia Innovations HK Limited,Social,134 MB,3.9,1L,5Cr+,18+
289,Collage Maker | Photo Editor,Photo Editor & Collage Maker,Photography,12 MB,4.8,18L,10Cr+,3+
290,Money View: Personal Loan App,Money View: Loan App & Money Manager,Finance,19 MB,4.5,4L,1Cr+,3+
291,Yono Lite SBI - Mobile Banking,State Bank of India,Finance,34 MB,4.2,25L,5Cr+,3+
292,Automatic Call Recorder,Appliqato,Tools,6.7 MB,3.7,24L,10Cr+,3+
293,Phone Ringtones,Peaksel Ringtones Apps,Music & Audio,16 MB,3.8,1L,1Cr+,7+
294,QuickVPN,Lipisoft,Tools,2.9 MB,4,99T,1Cr+,3+
295,Messages,Google LLC,Communication,29 MB,4.3,68L,100Cr+,3+
296,Google Pay for Business,Google LLC,Finance,21 MB,4.3,1L,1Cr+,3+
297,Free Comics - Pratilipi Comics,Pratilipi,Comics,6.5 MB,4.3,39T,50L+,12+
298,EMBIBE : Learning Outcomes App,Indiavidual Learning Limited,Education,67 MB,4.3,3T,10L+,3+
299,Figure - Saxy Video Chat,FigureFun Opc Private Limited,Dating,33 MB,3.7,4T,10L+,18+
300,Sweep Cleaner: cache and junk file cleaner,Polina Dev,Tools,18 MB,4.3,27T,1Cr+,3+
301,FirstCry India - Baby & Kids,FirstCry.com,Shopping,34 MB,4.4,3L,1Cr+,3+
302,Skin-scan: Hand Protection,3B Game Studio,Health & Fitness,49 MB,4.5,2T,5L+,3+
303,QR & Barcode Scanner,Gamma Play,Tools,5.5 MB,4.5,18L,10Cr+,3+
304,Aaj Tak Live - Hindi News App,TV Today Network Limited,News & Magazines,14 MB,4,2L,5Cr+,3+
305,Uber - Easy affordable trips,"Uber Technologies, Inc.",Maps & Navigation,64 MB,4.2,94L,50Cr+,3+
306,Reface: Face swap videos/memes,"NEOCORTEXT, INC.",Entertainment,21 MB,4.3,16L,10Cr+,16+
307,Smule: Sing & Record Karaoke,Smule,Music & Audio,46 MB,3.8,40L,10Cr+,12+
308,Uni Cards: The Pay 1/3rd Card,Uni Cards,Finance,15 MB,4.2,29T,10L+,3+
309,AppLock - Lock apps & Password,"SailingLab: Focus on Security, Booster, Cleaner",Tools,9.5 MB,4.4,7L,5Cr+,3+
310,Calculator Lock Calculator Hide App photos Locker,App Store.,Tools,16 MB,4.5,34T,50L+,3+
311,ConfirmTkt - Train Booking,ConfirmTkt - IRCTC Authorised Partner,Travel & Local,14 MB,4.6,3L,1Cr+,3+
312,Music player,creative & quality std,Music & Audio,9.0 MB,4.3,3L,5Cr+,3+
313,Google Home,Google LLC,Lifestyle,19 MB,4,11L,10Cr+,3+
314,"Video Downloader for Instagram, Insta Story Saver",Video Downloader - Photo Downloader - Video Player,Video Players & Editors,9.4 MB,4.3,46T,1Cr+,3+
315,TrueBalance - Quick Online Personal Loan App,True Balance - Balance Hero,Finance,28 MB,4.3,7L,1Cr+,3+
316,Socratic by Google,Google LLC,Education,9.8 MB,4.5,1L,1Cr+,3+
317,"Mi Credit - Instant Personal Loan, Cash Online",Xiaomi Inc.,Finance,21 MB,3.6,60T,50L+,3+
318,FF Tools,Cyrust,Tools,6.9 MB,4.3,1L,50L+,3+
319,"PDF Scanner, Cam Scan - Kaagaz",Kaagaz Apps,Productivity,21 MB,4.5,1L,50L+,3+
320,iTop VPN - Fast & Unlimited,Proxy VPN 2022 & Quick Speed,Tools,17 MB,4.1,1L,50L+,3+
321,Tata Sky Binge,Tata Sky Ltd,Entertainment,21 MB,3.5,6T,10L+,12+
322,"MobiKwik- UPI, Bills, PayLater",One MobiKwik Systems Limited,Finance,21 MB,3.9,16L,5Cr+,3+
323,Video Maker Music Video Editor,VideoShow EnjoyMobi Video Editor & Video Maker Inc,Video Players & Editors,35 MB,4.4,11L,10Cr+,3+
324,Microsoft Office: Edit & Share,Microsoft Corporation,Productivity,99 MB,4.5,9L,50Cr+,3+
325,Aakash App for JEE & NEET,BYJU'S,Education,77 MB,4.3,18T,50L+,3+
326,Binomo,Binomo mobile,Finance,9.9 MB,4.3,1L,1Cr+,3+
327,India AI Credit Cash loan app,India AI Technology PVT LTD,Finance,4.0 MB,4.7,40T,10L+,3+
328,Buzo - Video Status Maker,Madrid Apps,Video Players & Editors,37 MB,4.4,23T,50L+,3+
329,How to Get diamonds in FFF,Ultra HD Video Player,Books & Reference,11 MB,4,31T,1Cr+,3+
330,JioCinema: Movies TV Originals,Reliance Projects & Property Mgmt Services Ltd,Entertainment,12 MB,3.8,8L,5Cr+,12+
331,Snack Video Status - VidStatus,VidStatus Team,Social,49 MB,4.3,4L,5Cr+,12+
332,YouTube,Google LLC,Video Players & Editors,37 MB,4.1,13Cr,1TCr+,12+
333,Secure VPN－Safer Internet,Signal Lab,Tools,4.9 MB,4.6,8L,5Cr+,3+
334,µTorrent® - Torrent Downloader,"BitTorrent, Inc.",Video Players & Editors,14 MB,4.4,48L,10Cr+,3+
335,Nykaa: Beauty Shopping App,Nykaa.com,Shopping,17 MB,4.6,7L,1Cr+,3+
336,Microsoft Word: Edit Documents,Microsoft Corporation,Productivity,72 MB,4.2,65L,100Cr+,3+
337,Krishe: Farming & agriculture app for Kisan Krishi,Krish-e,Productivity,34 MB,4.3,1T,5L+,3+
338,Alight Motion,"Alight Creative, Inc.",Video Players & Editors,60 MB,4.2,6L,5Cr+,3+
339,YouTube Music,Google LLC,Music & Audio,19 MB,4.1,34L,100Cr+,12+
340,Voter Helpline,Election Commission of India,Communication,33 MB,4.1,2L,1Cr+,3+
341,Mobile Loan - Online Loan App,WHITE APPLE,Finance,3.8 MB,3.5,1T,5L+,3+
342,iMobile Pay by ICICI Bank,ICICI Bank Ltd.,Finance,131 MB,4.4,30L,1Cr+,3+
343,FileBin - Pic & Video Recovery,Pangolin Tech,Tools,11 MB,3.1,547,1L+,3+
344,"Zapya - File Transfer, Share Apps & Music Playlist","Dewmobile, Inc.",Tools,14 MB,4.4,8L,10Cr+,12+
345,Name Ringtone Maker,DoubleRun Technology,Personalisation,5.5 MB,3.8,8T,1Cr+,3+
346,Counter Terrorist Gun Strike : Ops Battleground,Dawn studios,Lifestyle,91 MB,3.9,25T,10L+,16+
347,Live Cricket TV - HD Live Cricket 2021,Niks Infotech,Sports,10 MB,2.8,925,10L+,3+
348,Fonts Keyboard,Fonts Keyboard,Personalisation,5.1 MB,4.3,8L,5Cr+,3+
349,Messenger Lite,"Meta Platforms, Inc.",Communication,14 MB,4,50L,50Cr+,3+
350,Daily Weather,Zhuang Weather Studio,Weather,25 MB,4.3,6T,50L+,3+
351,Koo: Connect with People!,Koo India,News & Magazines,16 MB,4.5,2L,1Cr+,12+
352,YouCut - Video Editor,InShot Inc.,Video Players & Editors,39 MB,4.6,47L,10Cr+,3+
353,Mylab CoviSelf,Mylab Discovery Solutions,Health & Fitness,26 MB,2.6,1T,5L+,3+
354,"Discord - Chat, Talk & Hangout",Discord Inc.,Communication,81 MB,4.5,40L,10Cr+,12+
355,Bharat Option - Trading online,Nishant Kohli,Finance,10 MB,3.3,1T,5L+,3+
356,Lyrical.ly Video Status Maker,lyrical.ly,Video Players & Editors,26 MB,4.5,2L,5Cr+,3+
357,Cricbuzz - Live Cricket Scores & News,Cricbuzz.com,Sports,13 MB,4.2,13L,10Cr+,3+
358,Whatscan for Web 2021,MF Apps Studio,Communication,4.3 MB,4.5,46T,1Cr+,3+
359,QR Scanner - Barcode Reader,TrustedApp,Tools,15 MB,4.5,89T,1Cr+,3+
360,"Livmet - Video Call, Chatting",Livmet,Entertainment,26 MB,3.8,236,1L+,18+
361,MagTapp PDF Reader & Browser,"MagTapp - India me bana, India ke liye!",Education,62 MB,4.4,79T,10L+,3+
362,"App Lock - Lock Apps, Fingerprint & Password Lock",InShot Inc.,Tools,6.6 MB,4.6,1L,50L+,3+
363,Bela,BELA LIVE,Social,45 MB,4.1,26T,1Cr+,18+
364,Moito - Lyrical Video Maker,Mast Team,Tools,57 MB,4.2,13T,10L+,3+
365,Edge Lighting - Borderlight,ZipoApps,Personalisation,7.4 MB,4.1,1L,1Cr+,3+
366,Airtel Xstream: Movies & Shows,Airtel,Entertainment,21 MB,3.4,10L,10Cr+,12+
367,Spider Rope SuperHero Vice City Gangster Fighting,The Cyborg Games,Weather,42 MB,3.8,10T,50L+,12+
368,All Video Downloader App,VideoBunny,Video Players & Editors,24 MB,4.1,23T,1Cr+,3+
369,"Upstox Old - Stocks, MF & IPOs",Upstox,Finance,11 MB,4.5,4L,1Cr+,3+
370,BOTIM - Video and Voice Call,Algento Cloud Computing Limited,Communication,89 MB,4.2,8L,5Cr+,3+
371,OctaFX Trading App,OctaFX,Finance,28 MB,4,99T,1Cr+,3+
372,Purplle Online Beauty Shopping,Purplle.com,Shopping,16 MB,4.4,1L,1Cr+,3+
373,Sweet Snap: Live Face sticker,Sweet Snap Studio,Photography,46 MB,4.1,10L,10Cr+,12+
374,PickU Photo Editor: Photo Banane Wala Apps,PickU Corp,Photography,38 MB,4.1,2L,1Cr+,3+
375,U-Mobile - Union Bank of India,Union Bank of India,Finance,28 MB,3.9,4L,1Cr+,3+
376,BOOYAH!,Garena International I,Entertainment,16 MB,4.3,20L,5Cr+,12+
377,ibis Paint X,ibis inc.,Art & Design,27 MB,4.3,19L,10Cr+,3+
378,WiFi Passwords by Instabridge,Degoo Backup AB - Cloud,Productivity,43 MB,3.7,15L,10Cr+,12+
379,Google Earth,Google LLC,Travel & Local,8.6 MB,4.4,28L,10Cr+,3+
380,Naukri.com Job Search App,infoedge.com,Business,12 MB,4.6,13L,1Cr+,3+
381,Bikayi: Whatsapp Catalogue and Make Business Easy,"Bikayi - Setup online Shop, Take Payments, orders.",Business,19 MB,4.7,38T,50L+,3+
382,"Siply: Mutual Fund, Buy Gold","Save as low as Rupee 1 - Gold, Mutual Funds & Chit",Finance,27 MB,3.6,6T,10L+,3+
383,Hi Translate - Chat translator,Translasion team,Tools,21 MB,4.3,1L,10Cr+,3+
384,UniTrend - Mobile Trade App,Unitrend,Finance,7.5 MB,4.4,4T,10L+,3+
385,Wooly,CongCong,Social,28 MB,3.6,332,1L+,18+
386,Glip Screen Recorder for Games,Glip.gg,Tools,19 MB,4.2,2T,1L+,12+
387,Contacts,Google LLC,Communication,6.6 MB,4.2,8L,100Cr+,3+
388,Apollo 247 - Online Doctor & Apollo Pharmacy App,Apollo Hospitals Enterprise Limited,Medical,37 MB,4.3,1L,50L+,3+
389,DIKSHA - Platform for School Education,"Ministry of Education, Govt of India",Education,17 MB,4.4,3L,1Cr+,3+
390,Photo Editor pro - SquarePic Stickers,Photo Editor Perfect Corp.,Photography,15 MB,4.2,85T,1Cr+,3+
391,Skin Tools,Radhika Yusuf Alifiansyah,Tools,16 MB,4.5,24L,1Cr+,12+
392,"Mi Remote controller - for TV, STB, AC and more",Xiaomi Inc.,Tools,24 MB,3.9,5L,5Cr+,3+
393,"Hair Clipper Prank, Fart Sound",duff hl studio,Entertainment,39 MB,4.1,31T,1Cr+,3+
394,AstroSage Kundli : Astrology,Ojas Softech Pvt Ltd,Lifestyle,12 MB,4.4,3L,1Cr+,3+
395,Sweet Bakery- Girls Cake Games,Sweet Maker Shop,Weather,31 MB,4,23T,1Cr+,3+
396,Netmeds - India Ki Pharmacy,Netmeds Marketplace Limited,Medical,17 MB,4.3,3L,1Cr+,3+
397,fitpro,"Shenzhen Jusheng Intelligent Technology Co., Ltd.",Tools,26 MB,4,1L,1Cr+,3+
398,Google Drive,Google LLC,Productivity,784 KB,4.2,87L,500Cr+,3+
399,Google Indic Keyboard,Google LLC,Tools,19 MB,4.3,6L,10Cr+,3+
400,Kite by Zerodha,Zerodha,Finance,10 MB,4.3,2L,1Cr+,3+
401,HD Video Screen Mirroring Cast,Techarius Solutions,Entertainment,8.2 MB,2.1,487,5L+,3+
402,TATA 1mg Online Healthcare App,Tata 1MG Healthcare Solutions Private Limited,Medical,12 MB,4.5,4L,1Cr+,3+
403,SuperVPN Fast VPN Client,SuperSoftTech,Tools,11 MB,4.6,20L,10Cr+,3+
404,bigbasket: Online Grocery App,Bigbasket.com,Shopping,20 MB,4.5,6L,1Cr+,3+
405,BharatPe for Merchants,BharatPe,Finance,12 MB,4.1,2L,1Cr+,3+
406,BYJU'S Exam Prep: Live Classes,Gradeup,Education,22 MB,4.4,7L,1Cr+,3+
407,StreamKar - Live Video Chat,Tipping Points Technology Ltd.,Social,49 MB,3.9,1L,5Cr+,18+
408,Live Cricket & Scores: FanCode,Sporta Technologies Private Limited,Sports,27 MB,4.1,1L,1Cr+,12+
409,Alibaba.com - Leading online B2B Trade Marketplace,Alibaba Mobile,Shopping,64 MB,4.2,15L,10Cr+,3+
410,Hirect - Startup Jobs & Hiring,Hirect_Official,Business,29 MB,4.6,11T,10L+,3+
411,Qjobs - Verified Jobs near you,Quess Corp,Business,25 MB,4,11T,10L+,3+
412,Audio MP3 Cutter Mix Converter and Ringtone Maker,AppzCloud Technologies,Music & Audio,12 MB,4.1,3L,1Cr+,3+
413,Microsoft Excel: Spreadsheets,Microsoft Corporation,Productivity,68 MB,4.2,34L,100Cr+,3+
414,BHIM - MAKING INDIA CASHLESS,National Payments Corporation of India (NPCI),Finance,26 MB,4.1,8L,5Cr+,3+
415,Kissht: Instant Line of Credit,Kissht,Finance,51 MB,4.4,6L,1Cr+,3+
416,HD Video Player,Simple Design Ltd.,Video Players & Editors,6.5 MB,3.9,1L,5Cr+,3+
417,blinkit (formerly grofers),Grofers India Pvt Ltd,Food & Drink,20 MB,4.1,6L,1Cr+,3+
418,BSNL Selfcare,BSNL,Productivity,6.0 MB,4.3,30T,10L+,3+
419,Tata Sky – Live TV & Recharge,Tata Sky Ltd,Entertainment,32 MB,4,5L,5Cr+,3+
420,MintAI - Photo Enhancer Remini,Mingkun Tech,Photography,19 MB,4.6,14T,10L+,3+
421,Diamond Live Wallpaper & Animated Keyboard,Live Wallpapers and Emoji Keyboard Themes,Personalisation,9.2 MB,4,1L,1Cr+,12+
422,"WazirX - Bitcoin, Crypto Trading Exchange India",Zanmai Labs Private Limited,Finance,9.5 MB,4.2,5L,1Cr+,3+
423,Grand Jail Prison Break Escape,Game Zee,Weather,87 MB,4,30T,1Cr+,12+
424,Tickertape - Indian stocks analysis & forecasts,Tickertape,Finance,11 MB,4.5,34T,10L+,3+
425,OYO : Book Safe Rooms With Best Hotel Booking App,OYO,Travel & Local,17 MB,4.3,7L,5Cr+,3+
426,Loan Pay Online Loan App,Vikas private limited,Finance,7.7 MB,4.3,152,50T+,3+
427,mPokket: Personal Loan & Instant Student Loan App,mPokket,Finance,18 MB,4.2,4L,1Cr+,3+
428,Google Docs,Google LLC,Productivity,31 MB,4.3,16L,100Cr+,3+
429,Lenskart : Eyeglasses & More,Lenskart,Shopping,19 MB,4.1,2L,1Cr+,3+
430,aha - 100% Telugu Web Series and Movies,Arha Media & Broadcasting Private Limited,Entertainment,34 MB,4.3,5L,1Cr+,12+
431,Mobile Number Locator - Phone Caller Locator,Mandatory Apps,Tools,3.3 MB,3.5,835,10L+,3+
432,Sri Mandir - Your Own Temple,Sri Mandir,Lifestyle,31 MB,4.8,37T,10L+,3+
433,Questt - The Practice App,Reallearning Technologies Pvt Ltd,Education,22 MB,3.9,2T,5L+,3+
434,Indian Wedding: DressUp Makeup,GameiAvo,Entertainment,50 MB,4,2T,10L+,12+
435,QR Scanner,AppWords Group,Tools,17 MB,3.4,122,1L+,3+
436,"Camera Scanner: PDF Scanner, PDF Creator, Scanner",Everyday Apps by Appytome Tech,Business,26 MB,4.3,3T,10L+,3+
437,Number Locator & Caller Location,Mobi Softech,Tools,12 MB,4.3,64T,1Cr+,3+
438,IndyCall - calls to India,Indycall,Communication,29 MB,4.1,89T,1Cr+,3+
439,Pink – chat and call,ccapp team,Social,22 MB,3.9,529,10L+,18+
440,Home Workout - No Equipment,Leap Fitness Group,Health & Fitness,15 MB,4.8,24L,10Cr+,3+
441,Phable: Health Tracker for Diabetes & Hypertension,PhableCare,Medical,51 MB,3.4,21T,10L+,3+
442,GIVA Jewellery: Hallmarked Silver Online,GIVA,Shopping,34 MB,4.2,4T,10L+,3+
443,Multi Space - Dual App & Multiple Account,MultiSpace Tech,Personalisation,10 MB,4.5,90T,1Cr+,3+
444,Big Tractor Farming Simulator,MegaGamez,Weather,67 MB,4,2T,10L+,12+
445,Screen Recorder - Vidma,Vidma Video Studio,Video Players & Editors,19 MB,4.6,3L,1Cr+,3+
446,Google Assistant,Google LLC,Productivity,774 KB,4.2,5L,50Cr+,3+
447,Tata Studi,Tata ClassEdge,Education,19 MB,3.8,1T,5L+,3+
448,Photo video maker,photo music video std,Video Players & Editors,31 MB,4,1L,1Cr+,3+
449,Mobile Rupee,Mobile Rupee,Finance,4.2 MB,3.3,16T,50L+,3+
450,MP3 Cutter and Ringtone Maker,Atomic Infoapps,Music & Audio,4.8 MB,4.1,8L,10Cr+,3+
451,Tuk Tuk Auto Rickshaw Game,GameFit,Weather,76 MB,4.2,19T,50L+,3+
452,अपने नाम की रिंगटोन बनाए - Name Ringtone Maker,Video Maker & Lyrical Video Status LLC,Personalisation,6.4 MB,4,2T,10L+,3+
453,MinuteCash,Weekline Investment and Trading Company Ltd,Finance,6.6 MB,3.7,819,1L+,3+
454,simsim - Watch Videos & Shop,simsim shopping,Shopping,16 MB,4.1,52T,1Cr+,3+
455,Video maker with photo & music,Smart Photo Editor,Video Players & Editors,33 MB,4.3,1L,1Cr+,7+
456,Olymp Trade -  App For Trading,OlympTrade,Finance,20 MB,3.6,7L,5Cr+,3+
457,"Clean Master - Booster, Clean",Pace Corey,Tools,12 MB,4.5,519,5L+,3+
458,Lumi - online video chat,Para Me,Social,18 MB,4.4,1L,1Cr+,18+
459,Microsoft PowerPoint,Microsoft Corporation,Productivity,64 MB,4.2,19L,100Cr+,3+
460,Screen Recorder Video Recorder,VideoShow EnjoyMobi Video Editor & Video Maker Inc,Video Players & Editors,40 MB,4.5,14L,10Cr+,3+
461,Fashion Girls Princess Makeup and Dress up Games,SOCEM,Lifestyle,53 MB,4,27T,50L+,12+
462,Coach Bus Simulator: Bus Games,Jima Apps,Weather,51 MB,4,21T,1Cr+,12+
463,PNB mPassBook,PNB,Finance,4.9 MB,4.4,7L,1Cr+,3+
464,Cash Loans,Cash Loans ps,Finance,4.4 MB,3.6,13T,50L+,3+
465,Face Chat Lite,FACE CHAT INC.,Social,36 MB,4.1,13T,50L+,18+
466,Tractor Driving Farming Games,Game Sonic,Weather,73 MB,3.9,2T,10L+,3+
467,Live Cricket TV HD - Sports TV,Livecrickettvhd.com,Sports,16 MB,4.1,188,1L+,3+
468,"Shining wallpaper,4K HD",wenfei,Entertainment,19 MB,3.1,187,1L+,12+
469,"Axis Mobile - Fund Transfer,UPI,Recharge & Payment",Axis Bank Ltd.,Finance,49 MB,4.6,14L,1Cr+,3+
470,Mobile Loans,Indi Cash,Finance,5.6 MB,3.8,15T,50L+,3+
471,Flashlight,Splend Apps,Tools,4.7 MB,4.3,4L,1Cr+,3+
472,1 Minute Me Aadhar Loan - आधार कार्ड पे लोन गाइड,Cloudy Soft,Finance,13 MB,4.5,928,10L+,3+
473,"Country Delight: Milk Delivery, Vegetable, Grocery",Country Delight,Food & Drink,17 MB,4.6,32T,50L+,12+
474,"Kisan App, Khetiwadi, Pashu Mela: Krishify",कृषिफाई : एग्रीकल्चर नेटवर्क ऍप - मेड इन इंडिया,Business,13 MB,4.2,30T,50L+,12+
475,QuackQuack Dating App in India,QuackQuack.in,Lifestyle,14 MB,3.8,3L,1Cr+,18+
476,Bible App for Kids,Life.Church,Education,49 MB,4.3,3L,5Cr+,3+
477,Amazon Kindle - eBooks & more,Amazon Mobile LLC,Books & Reference,56 MB,4.6,22L,10Cr+,12+
478,"Zivame - Shop Lingerie, Activewear, Apparel Online",Zivame,Shopping,13 MB,4.3,56T,1Cr+,3+
479,IndOASIS - Indian Bank Mobile Banking,Indian Bank,Finance,23 MB,4.2,3L,50L+,3+
480,Skincare App & Treatment For Hair Loss: CureSkin,CureSkin Labs India,Health & Fitness,61 MB,4,14T,50L+,3+
481,Six Pack in 30 Days,Leap Fitness Group,Health & Fitness,14 MB,4.8,18L,10Cr+,12+
482,Voice Recorder,Splend Apps,Music & Audio,5.2 MB,4.4,5L,5Cr+,3+
483,NiyoX - Digital Saving Account,Finnew Solutions Pvt. Ltd.,Finance,30 MB,4.5,29T,10L+,3+
484,CRED: Credit Card Bills & More,CRED - most rewarding credit card bill payment app,Finance,32 MB,4.7,7L,1Cr+,3+
485,"Phone 13 Launcher, OS 15",SaS Developer,Tools,42 MB,4.6,6L,5Cr+,3+
486,EarnEasy : Earn Cash in 24 hrs,Brandmatic Technologies Private Limited,Entertainment,9.8 MB,4.1,3T,5L+,3+
487,"Upstox- Demat, Stock, MF & IPO",Upstox,Finance,18 MB,4.4,35T,10L+,3+
488,Mobile Security Antivirus,Lumos LLC,Tools,8.5 MB,4.3,10T,10L+,3+
489,1.1.1.1: Faster & Safer Internet,"Cloudflare, Inc.",Tools,7.2 MB,4,5L,5Cr+,3+
490,Pi Network,SocialChain,Social,34 MB,4.5,4L,5Cr+,3+
491,Pi Music Player - MP3 Player & YouTube Music,Musicophilia Music Apps,Music & Audio,9.1 MB,4.1,11L,5Cr+,12+
492,IG Video Downloader-InstaSaver,Fast Video Downloader & Story Saver - DevBay,Video Players & Editors,4.9 MB,4.5,2L,1Cr+,12+
493,Guru Trade7 Pro -Online trading app,GuruTrade7,Finance,12 MB,4.3,1L,50L+,3+
494,FRND - Make FRND on Audio Chat,FRND,Social,20 MB,4.1,34T,50L+,12+
495,Nature Photo Editor : Nature Photo Frames,Vihas,Photography,14 MB,3.9,20T,1Cr+,3+
496,X File Sender - File Transfer,ABS PVT.LTD,Productivity,6.6 MB,4,6T,50L+,3+
497,Chalo - Live Bus Tracking App,Chalo,Maps & Navigation,16 MB,4.3,48T,50L+,3+
498,Love Photo Frame: Photo Editor,XEN Studios,Photography,16 MB,4,36T,1Cr+,3+
499,PoMelo File Explorer - File Manager & Cleaner,Android Does Team,Tools,23 MB,4.4,2L,1Cr+,3+
500,Easy Pay - Bank Wali Dukan,Easy Pay India,Finance,23 MB,4,13T,10L+,3+
501,"Fresh To Home - Order Chicken, Raw Seafood & Meat",FreshToHome,Shopping,5.4 MB,4.2,66T,50L+,3+
502,"Music Player - MP3 Player, Play Music",InShot Inc.,Music & Audio,16 MB,4.7,15L,5Cr+,3+
503,Opera browser with VPN,Opera,Communication,45 MB,4.3,39L,10Cr+,3+
504,Phone Number Locator - Caller ID & Call Blocker,Handy Tools Studio,Communication,14 MB,4.2,2L,1Cr+,3+
505,"Eka Care: Medical Records, PHR",Eka Care,Medical,15 MB,4.6,9T,10L+,3+
506,Stylish Fonts & Keyboard,Wisdomlogix Solutions,Personalisation,18 MB,3.8,2L,1Cr+,3+
507,Amazon Music: Songs & Podcasts,Amazon Mobile LLC,Music & Audio,97 MB,4.2,24L,10Cr+,12+
508,Image to PDF Converter,vidlabs,Productivity,8.6 MB,4.2,1L,1Cr+,3+
509,realme Store,realme Mobile,Shopping,31 MB,4.2,1L,1Cr+,3+
510,"Wafa-Ludo, Voice Chat Room",LVE Innovations,Entertainment,47 MB,3.8,6T,10L+,12+
511,Sun NXT,Sun TV Network  Limited,Entertainment,19 MB,4.4,2L,1Cr+,12+
512,99acres Real Estate & Property,infoedge.com,House & Home,31 MB,4.3,1L,1Cr+,3+
513,GB Version 21.0,PLK COLLECTIONS INC.,Personalisation,12 MB,3.9,61T,1Cr+,3+
514,Smart Cleaner Pro,Freemedia,Tools,24 MB,4.3,6T,10L+,3+
515,Cash PaPa,Edward Adam,Finance,5.8 MB,4,23T,50L+,3+
516,Amazon Alexa,Amazon Mobile LLC,Lifestyle,92 MB,4.3,10L,5Cr+,3+
517,Koalo Speed,juliamy,Tools,8.3 MB,3.2,51,1L+,3+
518,Virus Hunter 2021: Virus Scanner & Phone Cleaner,LuckyLuck Prizes,Tools,9.7 MB,3.8,2L,5Cr+,3+
519,App Lock Fingerprint Password,AdTrue Global,Tools,12 MB,4.3,1L,1Cr+,3+
520,Background Eraser,handyCloset Inc.,Photography,3.0 MB,4.3,8L,10Cr+,3+
521,DJ Mix Studio - Music Player App,Photo Video Music Team,Music & Audio,8.5 MB,3.8,7T,10L+,3+
522,Remote Control for All TV,"Background Changer, Eraser & Booth Photo Editor",Tools,18 MB,3.7,1L,5Cr+,3+
523,KV Option,SP option technical team,Finance,9.4 MB,4.7,430,1L+,3+
524,NoiseFit: Health & Fitness,Noise,Health & Fitness,19 MB,4,1L,10L+,3+
525,Tinder - Match. Chat. Date. Your Way.,Tinder,Lifestyle,53 MB,3,45L,10Cr+,18+
526,MX Player Beta,MX Media (formerly J2 Interactive),Video Players & Editors,27 MB,3.9,1L,1Cr+,12+
527,Nature Photo Editor - Nature Photo Frame,WangSU Store,Photography,22 MB,3.9,31T,1Cr+,3+
528,Paisabazaar,Paisabazaar.com,Finance,13 MB,4.4,4L,1Cr+,3+
529,TocToc - live video chat,TocToc Team,Social,40 MB,4.8,424,1L+,18+
530,Whats Web for Whatsapp,Gondaliya,Communication,12 MB,4.4,420,1L+,3+
531,Insta Savings & Salary Account,HDFC Bank,Finance,14 MB,3.7,3T,10L+,3+
532,All downloader 2019,InShot Inc.,Video Players & Editors,8.7 MB,4.3,7L,10Cr+,3+
533,Legion Network,Legion Network,Business,42 MB,4.5,36T,5L+,3+
534,Pretty Makeup - Beauty Photo Editor Selfie Camera,Photo Editor Perfect Corp.,Photography,29 MB,4.1,1L,1Cr+,3+
535,"Vedantu: LIVE Learning App | Class 1-12, JEE, NEET",Vedantu,Education,47 MB,4.1,3L,1Cr+,3+
536,"Book Ticket: Train Status, PNR","RailYatri - IRCTC Authorized Partner, IntrCity Bus",Travel & Local,15 MB,4.3,7L,1Cr+,3+
537,Body Editor & Photo Editor,InShot Inc.,Health & Fitness,17 MB,4.5,1L,1Cr+,12+
538,"MemeChat: Meme, Keyboard, News",Meme Chat Pvt. Ltd.,Entertainment,36 MB,4.7,37T,10L+,12+
539,Rich Cash - Personal fast loan online application,SAIJA FINANCE PRIVATE LIMITED,Finance,7.4 MB,3.8,2T,5L+,3+
540,Optimizer Pro: remove junk,Desarrollos Técnicos,Tools,13 MB,4.3,31T,50L+,3+
541,"Nox Security, Antivirus, Clean",Nox Ltd.,Tools,28 MB,4.2,9L,5Cr+,3+
542,2022 Calendar,Nithra,Productivity,16 MB,4.5,1L,1Cr+,3+
543,ClevCalc - Calculator,Cleveni Inc.,Productivity,6.5 MB,4.4,5L,5Cr+,3+
544,CuteU: Video Match Friends,CuteU Team,Social,44 MB,3.9,1L,1Cr+,18+
545,Fingerprint Scan - Daily Tarot,Zen Solutions Apps,Lifestyle,17 MB,4.3,20T,10L+,3+
546,All Video Downloder,Trimurti Studio,Video Players & Editors,17 MB,4.1,467,1L+,3+
547,Photo Lock App - Hide Pictures & Videos,Donna Danley,Personalisation,10 MB,4.1,2L,5Cr+,3+
548,Video Maker YouTube -VideoGuru,InShot Inc.,Video Players & Editors,41 MB,4.6,20L,5Cr+,3+
549,Video Downloader for Instagram,Happy4Video Studio,Video Players & Editors,6.3 MB,4.6,24T,10L+,3+
550,"HOKYO - Watch Hindi Web-Series, Short Films",Two Villagers Films & Digital Media Pvt Ltd,Entertainment,4.0 MB,4.5,1T,5L+,16+
551,ShopClues: Online Shopping App,ShopClues,Shopping,12 MB,3.3,6L,5Cr+,3+
552,"5paisa: Stocks, Share Market Trading App, NSE, BSE",5paisa,Finance,24 MB,4.2,3L,50L+,3+
553,WorkIndia Job Search App,WorkIndia,Business,11 MB,4.3,1L,1Cr+,3+
554,Hot Indian Girls Video Chat - Random Video chat,Deccan apps  Inc,Dating,27 MB,3.6,16T,1Cr+,18+
555,Cricket Exchange - Live Scores,Cricket Exchange,Sports,18 MB,4.5,3L,1Cr+,12+
556,CANDI - Mobile Banking App !,CANARA BANK,Finance,62 MB,4,2L,1Cr+,3+
557,Jupiter - New Way of Banking,Amica - Bullet Pay Later & Jupiter Banking App,Finance,40 MB,4.6,46T,10L+,3+
558,Lyrical Photo Status,The Wow Apps,Entertainment,55 MB,4.4,57T,1Cr+,3+
559,Omega - Live Random Video Chat,Omega Tech.,Social,34 MB,3.9,52T,1Cr+,18+
560,Ramp Car Stunts: Crazy Car Racing Games,Games box Studios,Weather,38 MB,3.5,3T,10L+,16+
561,Super Cleaner - Phone Booster,Godfrey Inc.,Tools,17 MB,4.1,1T,10L+,3+
562,HD Camera for Android,Mobile_V5,Photography,8.5 MB,4.3,4L,5Cr+,3+
563,Urbanic - Women Fashion Online,MAYSQUARE LIFESTYLE PRIVATE LIMITED,Shopping,11 MB,4.3,34T,1Cr+,3+
564,Headshot and Sensitivity - GFX Tool,Vesperchip,Tools,17 MB,4.3,10T,10L+,3+
565,Max Fashion India,Landmark Online India Pvt. Ltd.,Shopping,17 MB,4.1,58T,1Cr+,3+
566,Grand Theft Auto V: The Manual,Rockstar Games,Entertainment,101 MB,4.1,3L,1Cr+,12+
567,ZeepLive - Live Video Chat,Zeeplive,Social,92 MB,3.9,14T,1Cr+,18+
568,"vFlat Scan - PDF Scanner, OCR",VoyagerX,Productivity,14 MB,4.5,35T,50L+,3+
569,Smytten: Try Sample Products,Smytten,Shopping,14 MB,4.4,2L,50L+,3+
570,GB What's Version 2021 App,Rexon App Studio,Social,5.6 MB,3.9,1T,5L+,3+
571,Google Authenticator,Google LLC,Tools,6.8 MB,4,3L,10Cr+,3+
572,adidas,adidas,Shopping,55 MB,4.5,2L,1Cr+,3+
573,Testbook: Exam Preparation App,Testbook: Exam Prep App,Education,32 MB,4.6,3L,1Cr+,3+
574,Simpl Pay Later,GetSimpl Tech,Finance,18 MB,4.4,81T,10L+,3+
575,SAARTHI,SEBI SCORES,Education,11 MB,4.5,122,10T+,3+
576,गाय भैंस wala पशुमेला - Animall app,पशु मेला - Animall,Business,3.8 MB,4.5,32T,50L+,3+
577,Hindi Translator Keyboard,Voice Text,Productivity,14 MB,4.1,14T,50L+,3+
578,Star Live Sports TV Cricket HD,Dream Eleven Hero,Sports,10 MB,3.2,361,1L+,3+
579,Para Me - online video chat,Para Me,Social,23 MB,4.2,39T,1Cr+,18+
580,BlissU – Chat and call,hdapp,Social,22 MB,4,768,10L+,18+
581,Da Fit,CRREPA,Sports,8.5 MB,4,85T,1Cr+,3+
582,"Housing App: Buy, Rent, Sell Property & Pay Rent",Housing,House & Home,28 MB,4.3,1L,1Cr+,3+
583,Bitmoji,Bitmoji,Entertainment,35 MB,4.3,34L,10Cr+,12+
584,Live Location,MOBIHOME,Tools,6.3 MB,4.2,88T,1Cr+,3+
585,WeLive: Live Video Chat & Make Friends,Welive Team,Social,33 MB,3.8,5T,50L+,18+
586,Kuka,KUKA INC,Social,48 MB,4.1,13T,50L+,18+
587,EasyCut - Video Editor & Maker,Great Talent Video Inc. Video Editor App,Video Players & Editors,48 MB,4.5,82T,1Cr+,3+
588,"FFF FF Skin Tool, Elite Pass Bundles, Emote, Skin",SAS Infotech,Entertainment,10 MB,3.9,2T,5L+,3+
589,DMart Ready - Online Grocery Shopping App,Avenue E-Commerce Ltd.,Shopping,7.0 MB,4.2,51T,1Cr+,3+
590,Mamaearth – Natural Beauty & Baby Products Store,Honasa Consumer Private Limited,Shopping,20 MB,4.5,51T,50L+,3+
591,Cast to TV & Screen Mirroring,CGT Studio - Smart Technology,Tools,11 MB,4,6T,10L+,3+
592,HD Camera,HD Camera,Photography,1.8 MB,4,1L,5Cr+,3+
593,"Share: File Transfer, Share it",India Share Team,Productivity,8.8 MB,4.3,19T,1Cr+,3+
594,LimeRoad Shop Curated Fashion,LimeRoad - Best online shopping,Shopping,8.8 MB,4.1,4L,5Cr+,3+
595,Talking Tom Cat 2,Outfit7 Limited,Entertainment,55 MB,4.1,33L,10Cr+,7+
596,Cutie SMS,Info Jod,Entertainment,9.9 MB,4.9,6T,1L+,3+
597,MV Master - MV Master video maker,MV Master - MV Master video maker,Video Players & Editors,43 MB,3.6,30T,1Cr+,3+
598,Amazon Pay For Business,Amazon Mobile LLC,Business,24 MB,4.3,15T,10L+,3+
599,Music Player - MP3 Player,Apps10X,Music & Audio,9.4 MB,4.6,14L,5Cr+,3+
600,Safe CleanUp - Boost phone,Surf tool,Tools,18 MB,4,2T,10L+,3+
